file,type,variant,format,size,background,transparent
ramuni-lockup-horizontal-color-256.png,ramuni-lockup-horizontal-color,color,png,256,none,true
ramuni-lockup-horizontal-color-256.webp,ramuni-lockup-horizontal-color,color,webp,256,none,true
ramuni-lockup-horizontal-color-256.jpg,ramuni-lockup-horizontal-color,color,jpeg,256,#F4F0E7,false
ramuni-lockup-horizontal-color-512.png,ramuni-lockup-horizontal-color,color,png,512,none,true
ramuni-lockup-horizontal-color-512.webp,ramuni-lockup-horizontal-color,color,webp,512,none,true
ramuni-lockup-horizontal-color-512.jpg,ramuni-lockup-horizontal-color,color,jpeg,512,#F4F0E7,false
ramuni-lockup-horizontal-color-1024.png,ramuni-lockup-horizontal-color,color,png,1024,none,true
ramuni-lockup-horizontal-color-1024.webp,ramuni-lockup-horizontal-color,color,webp,1024,none,true
ramuni-lockup-horizontal-color-1024.jpg,ramuni-lockup-horizontal-color,color,jpeg,1024,#F4F0E7,false
ramuni-lockup-horizontal-color-2048.png,ramuni-lockup-horizontal-color,color,png,2048,none,true
ramuni-lockup-horizontal-color-2048.webp,ramuni-lockup-horizontal-color,color,webp,2048,none,true
ramuni-lockup-horizontal-color-2048.jpg,ramuni-lockup-horizontal-color,color,jpeg,2048,#F4F0E7,false
ramuni-lockup-horizontal-mono-256.png,ramuni-lockup-horizontal-mono,mono,png,256,none,true
ramuni-lockup-horizontal-mono-256.webp,ramuni-lockup-horizontal-mono,mono,webp,256,none,true
ramuni-lockup-horizontal-mono-256.jpg,ramuni-lockup-horizontal-mono,mono,jpeg,256,#F4F0E7,false
ramuni-lockup-horizontal-mono-512.png,ramuni-lockup-horizontal-mono,mono,png,512,none,true
ramuni-lockup-horizontal-mono-512.webp,ramuni-lockup-horizontal-mono,mono,webp,512,none,true
ramuni-lockup-horizontal-mono-512.jpg,ramuni-lockup-horizontal-mono,mono,jpeg,512,#F4F0E7,false
ramuni-lockup-horizontal-mono-1024.png,ramuni-lockup-horizontal-mono,mono,png,1024,none,true
ramuni-lockup-horizontal-mono-1024.webp,ramuni-lockup-horizontal-mono,mono,webp,1024,none,true
ramuni-lockup-horizontal-mono-1024.jpg,ramuni-lockup-horizontal-mono,mono,jpeg,1024,#F4F0E7,false
ramuni-lockup-horizontal-mono-2048.png,ramuni-lockup-horizontal-mono,mono,png,2048,none,true
ramuni-lockup-horizontal-mono-2048.webp,ramuni-lockup-horizontal-mono,mono,webp,2048,none,true
ramuni-lockup-horizontal-mono-2048.jpg,ramuni-lockup-horizontal-mono,mono,jpeg,2048,#F4F0E7,false
ramuni-lockup-horizontal-white-256.png,ramuni-lockup-horizontal-white,white,png,256,none,true
ramuni-lockup-horizontal-white-256.webp,ramuni-lockup-horizontal-white,white,webp,256,none,true
ramuni-lockup-horizontal-white-256.jpg,ramuni-lockup-horizontal-white,white,jpeg,256,#0B3045,false
ramuni-lockup-horizontal-white-512.png,ramuni-lockup-horizontal-white,white,png,512,none,true
ramuni-lockup-horizontal-white-512.webp,ramuni-lockup-horizontal-white,white,webp,512,none,true
ramuni-lockup-horizontal-white-512.jpg,ramuni-lockup-horizontal-white,white,jpeg,512,#0B3045,false
ramuni-lockup-horizontal-white-1024.png,ramuni-lockup-horizontal-white,white,png,1024,none,true
ramuni-lockup-horizontal-white-1024.webp,ramuni-lockup-horizontal-white,white,webp,1024,none,true
ramuni-lockup-horizontal-white-1024.jpg,ramuni-lockup-horizontal-white,white,jpeg,1024,#0B3045,false
ramuni-lockup-horizontal-white-2048.png,ramuni-lockup-horizontal-white,white,png,2048,none,true
ramuni-lockup-horizontal-white-2048.webp,ramuni-lockup-horizontal-white,white,webp,2048,none,true
ramuni-lockup-horizontal-white-2048.jpg,ramuni-lockup-horizontal-white,white,jpeg,2048,#0B3045,false
ramuni-lockup-stacked-color-256.png,ramuni-lockup-stacked-color,color,png,256,none,true
ramuni-lockup-stacked-color-256.webp,ramuni-lockup-stacked-color,color,webp,256,none,true
ramuni-lockup-stacked-color-256.jpg,ramuni-lockup-stacked-color,color,jpeg,256,#F4F0E7,false
ramuni-lockup-stacked-color-512.png,ramuni-lockup-stacked-color,color,png,512,none,true
ramuni-lockup-stacked-color-512.webp,ramuni-lockup-stacked-color,color,webp,512,none,true
ramuni-lockup-stacked-color-512.jpg,ramuni-lockup-stacked-color,color,jpeg,512,#F4F0E7,false
ramuni-lockup-stacked-color-1024.png,ramuni-lockup-stacked-color,color,png,1024,none,true
ramuni-lockup-stacked-color-1024.webp,ramuni-lockup-stacked-color,color,webp,1024,none,true
ramuni-lockup-stacked-color-1024.jpg,ramuni-lockup-stacked-color,color,jpeg,1024,#F4F0E7,false
ramuni-lockup-stacked-color-2048.png,ramuni-lockup-stacked-color,color,png,2048,none,true
ramuni-lockup-stacked-color-2048.webp,ramuni-lockup-stacked-color,color,webp,2048,none,true
ramuni-lockup-stacked-color-2048.jpg,ramuni-lockup-stacked-color,color,jpeg,2048,#F4F0E7,false
ramuni-lockup-stacked-mono-256.png,ramuni-lockup-stacked-mono,mono,png,256,none,true
ramuni-lockup-stacked-mono-256.webp,ramuni-lockup-stacked-mono,mono,webp,256,none,true
ramuni-lockup-stacked-mono-256.jpg,ramuni-lockup-stacked-mono,mono,jpeg,256,#F4F0E7,false
ramuni-lockup-stacked-mono-512.png,ramuni-lockup-stacked-mono,mono,png,512,none,true
ramuni-lockup-stacked-mono-512.webp,ramuni-lockup-stacked-mono,mono,webp,512,none,true
ramuni-lockup-stacked-mono-512.jpg,ramuni-lockup-stacked-mono,mono,jpeg,512,#F4F0E7,false
ramuni-lockup-stacked-mono-1024.png,ramuni-lockup-stacked-mono,mono,png,1024,none,true
ramuni-lockup-stacked-mono-1024.webp,ramuni-lockup-stacked-mono,mono,webp,1024,none,true
ramuni-lockup-stacked-mono-1024.jpg,ramuni-lockup-stacked-mono,mono,jpeg,1024,#F4F0E7,false
ramuni-lockup-stacked-mono-2048.png,ramuni-lockup-stacked-mono,mono,png,2048,none,true
ramuni-lockup-stacked-mono-2048.webp,ramuni-lockup-stacked-mono,mono,webp,2048,none,true
ramuni-lockup-stacked-mono-2048.jpg,ramuni-lockup-stacked-mono,mono,jpeg,2048,#F4F0E7,false
ramuni-lockup-stacked-white-256.png,ramuni-lockup-stacked-white,white,png,256,none,true
ramuni-lockup-stacked-white-256.webp,ramuni-lockup-stacked-white,white,webp,256,none,true
ramuni-lockup-stacked-white-256.jpg,ramuni-lockup-stacked-white,white,jpeg,256,#0B3045,false
ramuni-lockup-stacked-white-512.png,ramuni-lockup-stacked-white,white,png,512,none,true
ramuni-lockup-stacked-white-512.webp,ramuni-lockup-stacked-white,white,webp,512,none,true
ramuni-lockup-stacked-white-512.jpg,ramuni-lockup-stacked-white,white,jpeg,512,#0B3045,false
ramuni-lockup-stacked-white-1024.png,ramuni-lockup-stacked-white,white,png,1024,none,true
ramuni-lockup-stacked-white-1024.webp,ramuni-lockup-stacked-white,white,webp,1024,none,true
ramuni-lockup-stacked-white-1024.jpg,ramuni-lockup-stacked-white,white,jpeg,1024,#0B3045,false
ramuni-lockup-stacked-white-2048.png,ramuni-lockup-stacked-white,white,png,2048,none,true
ramuni-lockup-stacked-white-2048.webp,ramuni-lockup-stacked-white,white,webp,2048,none,true
ramuni-lockup-stacked-white-2048.jpg,ramuni-lockup-stacked-white,white,jpeg,2048,#0B3045,false
ramuni-mark-color-256.png,ramuni-mark-color,color,png,256,none,true
ramuni-mark-color-256.webp,ramuni-mark-color,color,webp,256,none,true
ramuni-mark-color-256.jpg,ramuni-mark-color,color,jpeg,256,#F4F0E7,false
ramuni-mark-color-512.png,ramuni-mark-color,color,png,512,none,true
ramuni-mark-color-512.webp,ramuni-mark-color,color,webp,512,none,true
ramuni-mark-color-512.jpg,ramuni-mark-color,color,jpeg,512,#F4F0E7,false
ramuni-mark-color-1024.png,ramuni-mark-color,color,png,1024,none,true
ramuni-mark-color-1024.webp,ramuni-mark-color,color,webp,1024,none,true
ramuni-mark-color-1024.jpg,ramuni-mark-color,color,jpeg,1024,#F4F0E7,false
ramuni-mark-color-2048.png,ramuni-mark-color,color,png,2048,none,true
ramuni-mark-color-2048.webp,ramuni-mark-color,color,webp,2048,none,true
ramuni-mark-color-2048.jpg,ramuni-mark-color,color,jpeg,2048,#F4F0E7,false
ramuni-mark-mono-256.png,ramuni-mark-mono,mono,png,256,none,true
ramuni-mark-mono-256.webp,ramuni-mark-mono,mono,webp,256,none,true
ramuni-mark-mono-256.jpg,ramuni-mark-mono,mono,jpeg,256,#F4F0E7,false
ramuni-mark-mono-512.png,ramuni-mark-mono,mono,png,512,none,true
ramuni-mark-mono-512.webp,ramuni-mark-mono,mono,webp,512,none,true
ramuni-mark-mono-512.jpg,ramuni-mark-mono,mono,jpeg,512,#F4F0E7,false
ramuni-mark-mono-1024.png,ramuni-mark-mono,mono,png,1024,none,true
ramuni-mark-mono-1024.webp,ramuni-mark-mono,mono,webp,1024,none,true
ramuni-mark-mono-1024.jpg,ramuni-mark-mono,mono,jpeg,1024,#F4F0E7,false
ramuni-mark-mono-2048.png,ramuni-mark-mono,mono,png,2048,none,true
ramuni-mark-mono-2048.webp,ramuni-mark-mono,mono,webp,2048,none,true
ramuni-mark-mono-2048.jpg,ramuni-mark-mono,mono,jpeg,2048,#F4F0E7,false
ramuni-mark-white-256.png,ramuni-mark-white,white,png,256,none,true
ramuni-mark-white-256.webp,ramuni-mark-white,white,webp,256,none,true
ramuni-mark-white-256.jpg,ramuni-mark-white,white,jpeg,256,#0B3045,false
ramuni-mark-white-512.png,ramuni-mark-white,white,png,512,none,true
ramuni-mark-white-512.webp,ramuni-mark-white,white,webp,512,none,true
ramuni-mark-white-512.jpg,ramuni-mark-white,white,jpeg,512,#0B3045,false
ramuni-mark-white-1024.png,ramuni-mark-white,white,png,1024,none,true
ramuni-mark-white-1024.webp,ramuni-mark-white,white,webp,1024,none,true
ramuni-mark-white-1024.jpg,ramuni-mark-white,white,jpeg,1024,#0B3045,false
ramuni-mark-white-2048.png,ramuni-mark-white,white,png,2048,none,true
ramuni-mark-white-2048.webp,ramuni-mark-white,white,webp,2048,none,true
ramuni-mark-white-2048.jpg,ramuni-mark-white,white,jpeg,2048,#0B3045,false
ramuni-wordmark-color-256.png,ramuni-wordmark-color,color,png,256,none,true
ramuni-wordmark-color-256.webp,ramuni-wordmark-color,color,webp,256,none,true
ramuni-wordmark-color-256.jpg,ramuni-wordmark-color,color,jpeg,256,#F4F0E7,false
ramuni-wordmark-color-512.png,ramuni-wordmark-color,color,png,512,none,true
ramuni-wordmark-color-512.webp,ramuni-wordmark-color,color,webp,512,none,true
ramuni-wordmark-color-512.jpg,ramuni-wordmark-color,color,jpeg,512,#F4F0E7,false
ramuni-wordmark-color-1024.png,ramuni-wordmark-color,color,png,1024,none,true
ramuni-wordmark-color-1024.webp,ramuni-wordmark-color,color,webp,1024,none,true
ramuni-wordmark-color-1024.jpg,ramuni-wordmark-color,color,jpeg,1024,#F4F0E7,false
ramuni-wordmark-color-2048.png,ramuni-wordmark-color,color,png,2048,none,true
ramuni-wordmark-color-2048.webp,ramuni-wordmark-color,color,webp,2048,none,true
ramuni-wordmark-color-2048.jpg,ramuni-wordmark-color,color,jpeg,2048,#F4F0E7,false
ramuni-wordmark-mono-256.png,ramuni-wordmark-mono,mono,png,256,none,true
ramuni-wordmark-mono-256.webp,ramuni-wordmark-mono,mono,webp,256,none,true
ramuni-wordmark-mono-256.jpg,ramuni-wordmark-mono,mono,jpeg,256,#F4F0E7,false
ramuni-wordmark-mono-512.png,ramuni-wordmark-mono,mono,png,512,none,true
ramuni-wordmark-mono-512.webp,ramuni-wordmark-mono,mono,webp,512,none,true
ramuni-wordmark-mono-512.jpg,ramuni-wordmark-mono,mono,jpeg,512,#F4F0E7,false
ramuni-wordmark-mono-1024.png,ramuni-wordmark-mono,mono,png,1024,none,true
ramuni-wordmark-mono-1024.webp,ramuni-wordmark-mono,mono,webp,1024,none,true
ramuni-wordmark-mono-1024.jpg,ramuni-wordmark-mono,mono,jpeg,1024,#F4F0E7,false
ramuni-wordmark-mono-2048.png,ramuni-wordmark-mono,mono,png,2048,none,true
ramuni-wordmark-mono-2048.webp,ramuni-wordmark-mono,mono,webp,2048,none,true
ramuni-wordmark-mono-2048.jpg,ramuni-wordmark-mono,mono,jpeg,2048,#F4F0E7,false
ramuni-wordmark-white-256.png,ramuni-wordmark-white,white,png,256,none,true
ramuni-wordmark-white-256.webp,ramuni-wordmark-white,white,webp,256,none,true
ramuni-wordmark-white-256.jpg,ramuni-wordmark-white,white,jpeg,256,#0B3045,false
ramuni-wordmark-white-512.png,ramuni-wordmark-white,white,png,512,none,true
ramuni-wordmark-white-512.webp,ramuni-wordmark-white,white,webp,512,none,true
ramuni-wordmark-white-512.jpg,ramuni-wordmark-white,white,jpeg,512,#0B3045,false
ramuni-wordmark-white-1024.png,ramuni-wordmark-white,white,png,1024,none,true
ramuni-wordmark-white-1024.webp,ramuni-wordmark-white,white,webp,1024,none,true
ramuni-wordmark-white-1024.jpg,ramuni-wordmark-white,white,jpeg,1024,#0B3045,false
ramuni-wordmark-white-2048.png,ramuni-wordmark-white,white,png,2048,none,true
ramuni-wordmark-white-2048.webp,ramuni-wordmark-white,white,webp,2048,none,true
ramuni-wordmark-white-2048.jpg,ramuni-wordmark-white,white,jpeg,2048,#0B3045,false
ramuni-favicon-16.png,favicon,color,png,16,none,true
ramuni-favicon-24.png,favicon,color,png,24,none,true
ramuni-favicon-32.png,favicon,color,png,32,none,true
ramuni-favicon-48.png,favicon,color,png,48,none,true
ramuni-favicon-64.png,favicon,color,png,64,none,true
ramuni-favicon-96.png,favicon,color,png,96,none,true
ramuni-favicon-128.png,favicon,color,png,128,none,true
ramuni-favicon-180.png,favicon,color,png,180,none,true
ramuni-favicon-192.png,favicon,color,png,192,none,true
ramuni-favicon-256.png,favicon,color,png,256,none,true
ramuni-favicon-512.png,favicon,color,png,512,none,true